{
  "schemaVersion": "1.10.0",
  "nucMutLabelMap": {
    "174T": [
      "20H"
    ],
    "204T": [
      "20E"
    ],
    "210T": [
      "21J",
      "21I",
      "21A",
      "21B"
    ],
    "241T": [
      "21J",
      "20I",
      "21K",
      "20A",
      "21I",
      "20B",
      "20E",
      "20C",
      "20J",
      "20G",
      "21A",
      "21C",
      "21F",
      "20H",
      "21H",
      "20D",
      "20F",
      "21D",
      "21G",
      "21B",
      "21L",
      "21E",
      "21M"
    ],
    "445C": [
      "20E"
    ],
    "670G": [
      "21L"
    ],
    "733C": [
      "20J"
    ],
    "913T": [
      "20I"
    ],
    "1048T": [
      "21J"
    ],
    "1059T": [
      "20C",
      "20G",
      "21C",
      "21F",
      "20H"
    ],
    "1163T": [
      "20F"
    ],
    "1191T": [
      "21A"
    ],
    "1267T": [
      "21A"
    ],
    "1498T": [
      "21D"
    ],
    "1807G": [
      "21D"
    ],
    "2110T": [
      "20I"
    ],
    "2395T": [
      "21C"
    ],
    "2597C": [
      "21C"
    ],
    "2659A": [
      "21D"
    ],
    "2692T": [
      "20H"
    ],
    "2749T": [
      "20J"
    ],
    "2790T": [
      "21L"
    ],
    "2832G": [
      "21K"
    ],
    "3037T": [
      "21J",
      "20I",
      "21K",
      "20A",
      "21I",
      "20B",
      "20E",
      "20C",
      "20J",
      "20G",
      "21A",
      "21C",
      "21F",
      "20H",
      "21H",
      "20F",
      "20D",
      "21D",
      "21G",
      "21B",
      "21L",
      "21E",
      "21M"
    ],
    "3241T": [
      "21M"
    ],
    "3267T": [
      "20I"
    ],
    "3428G": [
      "21H"
    ],
    "3457T": [
      "21B"
    ],
    "3828T": [
      "20J"
    ],
    "3948G": [
      "21J"
    ],
    "4002T": [
      "20D",
      "21G"
    ],
    "4181T": [
      "21J"
    ],
    "4184A": [
      "21L"
    ],
    "4321T": [
      "21L"
    ],
    "4878T": [
      "21H"
    ],
    "4926G": [
      "21E"
    ],
    "4965T": [
      "21B"
    ],
    "5184T": [
      "21I",
      "21A"
    ],
    "5230T": [
      "20H"
    ],
    "5386G": [
      "21K"
    ],
    "5388A": [
      "20I"
    ],
    "5584G": [
      "21I"
    ],
    "5648C": [
      "20J"
    ],
    "5924A": [
      "21M"
    ],
    "5986T": [
      "20I"
    ],
    "6037T": [
      "21H"
    ],
    "6040T": [
      "21J"
    ],
    "6101A": [
      "21F"
    ],
    "6285T": [
      "21D"
    ],
    "6286T": [
      "20E"
    ],
    "6319G": [
      "20J"
    ],
    "6402T": [
      "21J"
    ],
    "6613G": [
      "20J"
    ],
    "6638T": [
      "21J"
    ],
    "6954C": [
      "20I"
    ],
    "7124T": [
      "21J",
      "21G"
    ],
    "7201G": [
      "21F"
    ],
    "7424G": [
      "21G"
    ],
    "7540C": [
      "20F"
    ],
    "7564A": [
      "21E"
    ],
    "7851T": [
      "21J"
    ],
    "7926T": [
      "21J"
    ],
    "8083A": [
      "20G"
    ],
    "8139T": [
      "21E"
    ],
    "8393A": [
      "21K"
    ],
    "8593C": [
      "21D"
    ],
    "8782T": [
      "19B"
    ],
    "8809T": [
      "21F"
    ],
    "8947T": [
      "21C"
    ],
    "8986T": [
      "21J"
    ],
    "9053T": [
      "21J"
    ],
    "9203A": [
      "21E"
    ],
    "9344T": [
      "21L"
    ],
    "9424G": [
      "21L"
    ],
    "9477A": [
      "19B"
    ],
    "9534T": [
      "21L"
    ],
    "9565T": [
      "21D"
    ],
    "9738C": [
      "21C"
    ],
    "9857T": [
      "21G"
    ],
    "9866T": [
      "21L"
    ],
    "9867C": [
      "21F",
      "21G",
      "21E"
    ],
    "9891T": [
      "21I",
      "21A"
    ],
    "10029T": [
      "21J",
      "21K",
      "21H",
      "21G",
      "21L",
      "21M"
    ],
    "10097A": [
      "20D",
      "21G"
    ],
    "10198T": [
      "21L"
    ],
    "10319T": [
      "20G"
    ],
    "10323G": [
      "20H"
    ],
    "10447A": [
      "21L"
    ],
    "10449A": [
      "21K",
      "21L",
      "21M"
    ],
    "11083T": [
      "21J",
      "19A"
    ],
    "11201G": [
      "21J",
      "21B"
    ],
    "11308A": [
      "21E"
    ],
    "11332G": [
      "21J"
    ],
    "11418C": [
      "21I",
      "21A"
    ],
    "11451G": [
      "21H"
    ],
    "11456G": [
      "21J"
    ],
    "11514T": [
      "21I"
    ],
    "11537G": [
      "21K"
    ],
    "11562T": [
      "21J"
    ],
    "12049T": [
      "21E"
    ],
    "12053T": [
      "21E"
    ],
    "12100T": [
      "21C"
    ],
    "12778T": [
      "20J"
    ],
    "12878G": [
      "21C"
    ],
    "12880T": [
      "21L"
    ],
    "12946C": [
      "21A"
    ],
    "13019T": [
      "21I"
    ],
    "13057T": [
      "21H"
    ],
    "13195C": [
      "21K",
      "21M"
    ],
    "13536T": [
      "20D",
      "21G"
    ],
    "13713A": [
      "21C"
    ],
    "13860T": [
      "20J"
    ],
    "14014G": [
      "21J"
    ],
    "14120T": [
      "20I"
    ],
    "14407T": [
      "21D"
    ],
    "14408T": [
      "21J",
      "20I",
      "21K",
      "20A",
      "21I",
      "20B",
      "20E",
      "20C",
      "20J",
      "20G",
      "21A",
      "21C",
      "21F",
      "20H",
      "21H",
      "20F",
      "20D",
      "21D",
      "21G",
      "21B",
      "21L",
      "21E",
      "21M"
    ],
    "14676T": [
      "20I"
    ],
    "14805T": [
      "20G",
      "19A",
      "19B"
    ],
    "15096C": [
      "20I"
    ],
    "15240T": [
      "21K",
      "21J",
      "21M"
    ],
    "15279T": [
      "20I"
    ],
    "15451A": [
      "21J",
      "21I",
      "21A"
    ],
    "15521A": [
      "21J"
    ],
    "15714T": [
      "21L"
    ],
    "15952A": [
      "21J"
    ],
    "16176C": [
      "20I"
    ],
    "16394T": [
      "21C"
    ],
    "16466T": [
      "21J",
      "21I",
      "21A"
    ],
    "16500C": [
      "21F"
    ],
    "16647T": [
      "20F"
    ],
    "16726T": [
      "21J"
    ],
    "16852T": [
      "21B"
    ],
    "17014T": [
      "21C"
    ],
    "17040C": [
      "21J"
    ],
    "17074T": [
      "21E"
    ],
    "17236G": [
      "21J"
    ],
    "17259T": [
      "20J"
    ],
    "17339T": [
      "21E"
    ],
    "17410T": [
      "21L"
    ],
    "17491T": [
      "21H"
    ],
    "17523T": [
      "21B"
    ],
    "17615G": [
      "20I"
    ],
    "18163G": [
      "21K",
      "21L"
    ],
    "18171T": [
      "21D"
    ],
    "18176T": [
      "21A"
    ],
    "18424G": [
      "20G"
    ],
    "18555T": [
      "20F"
    ],
    "18744T": [
      "21J"
    ],
    "18877T": [
      "21H"
    ],
    "19035C": [
      "21H"
    ],
    "19220T": [
      "21J"
    ],
    "19955T": [
      "21L"
    ],
    "20055G": [
      "21L"
    ],
    "20148T": [
      "21H"
    ],
    "20262G": [
      "21A",
      "21F"
    ],
    "20396G": [
      "21B"
    ],
    "20401G": [
      "21B"
    ],
    "20724G": [
      "21D"
    ],
    "21255C": [
      "20E"
    ],
    "21304T": [
      "20G"
    ],
    "21575T": [
      "21F"
    ],
    "21588T": [
      "21E"
    ],
    "21600T": [
      "21C"
    ],
    "21614T": [
      "20J",
      "20E",
      "20H"
    ],
    "21618G": [
      "21J",
      "21I",
      "21A"
    ],
    "21618T": [
      "21L"
    ],
    "21621A": [
      "20J"
    ],
    "21638T": [
      "20J"
    ],
    "21717G": [
      "21D"
    ],
    "21762T": [
      "21K",
      "21D",
      "21M"
    ],
    "21786T": [
      "21G"
    ],
    "21789T": [
      "21G"
    ],
    "21801C": [
      "20H"
    ],
    "21846T": [
      "21J",
      "21K",
      "21F",
      "21H",
      "21B",
      "21M"
    ],
    "21895C": [
      "21B"
    ],
    "21974T": [
      "20J"
    ],
    "21987A": [
      "21J",
      "21I",
      "21A",
      "21L",
      "21B"
    ],
    "21993C": [
      "21H"
    ],
    "21995A": [
      "21H"
    ],
    "21995C": [
      "21J"
    ],
    "22018T": [
      "21C"
    ],
    "22022A": [
      "21B"
    ],
    "22132T": [
      "20J"
    ],
    "22200G": [
      "21L"
    ],
    "22206G": [
      "20H"
    ],
    "22227T": [
      "21I",
      "20E",
      "21J"
    ],
    "22320G": [
      "21F"
    ],
    "22578A": [
      "21K",
      "21L",
      "21M"
    ],
    "22599A": [
      "21H"
    ],
    "22673C": [
      "21K",
      "21M"
    ],
    "22674T": [
      "21K",
      "21L",
      "21M"
    ],
    "22679C": [
      "21K",
      "21L",
      "21M"
    ],
    "22686T": [
      "21K",
      "21L",
      "21M"
    ],
    "22688G": [
      "21L"
    ],
    "22775A": [
      "21L"
    ],
    "22786C": [
      "21L"
    ],
    "22792T": [
      "21L"
    ],
    "22812C": [
      "20J"
    ],
    "22813T": [
      "21K",
      "20H",
      "21L",
      "21M"
    ],
    "22882G": [
      "21K",
      "21L",
      "21M"
    ],
    "22898A": [
      "21K",
      "21M"
    ],
    "22917A": [
      "21G"
    ],
    "22917G": [
      "21J",
      "21I",
      "21A",
      "21C",
      "21B"
    ],
    "22992A": [
      "21K",
      "21F",
      "20F",
      "21L",
      "21M"
    ],
    "22995A": [
      "21J",
      "21K",
      "21I",
      "21A",
      "21L",
      "21M"
    ],
    "23012A": [
      "20J",
      "20H",
      "21F",
      "21H",
      "21D",
      "21E"
    ],
    "23012C": [
      "21B"
    ],
    "23013C": [
      "21K",
      "21L",
      "21M"
    ],
    "23031C": [
      "21G"
    ],
    "23040G": [
      "21K",
      "21L",
      "21M"
    ],
    "23048A": [
      "21K"
    ],
    "23055G": [
      "21K",
      "21L",
      "21M"
    ],
    "23063T": [
      "20I",
      "21K",
      "20J",
      "20H",
      "21H",
      "21L",
      "21E",
      "21M"
    ],
    "23075C": [
      "21K",
      "21L",
      "21M"
    ],
    "23202A": [
      "21K",
      "21M"
    ],
    "23271A": [
      "20I"
    ],
    "23284C": [
      "21J"
    ],
    "23341C": [
      "21E"
    ],
    "23401A": [
      "20F"
    ],
    "23403G": [
      "21J",
      "20I",
      "21K",
      "20A",
      "21I",
      "20B",
      "20E",
      "20C",
      "20J",
      "20G",
      "21A",
      "21C",
      "21F",
      "20H",
      "21H",
      "20F",
      "20D",
      "21D",
      "21G",
      "21B",
      "21L",
      "21E",
      "21M"
    ],
    "23525T": [
      "21K",
      "20J",
      "21L",
      "21M"
    ],
    "23593C": [
      "21D"
    ],
    "23599G": [
      "21K",
      "21L",
      "21M"
    ],
    "23604A": [
      "20I",
      "21K",
      "21H",
      "21L",
      "21E",
      "21M"
    ],
    "23604G": [
      "21J",
      "21I",
      "21A",
      "21B"
    ],
    "23664T": [
      "20H",
      "21F"
    ],
    "23709T": [
      "20I"
    ],
    "23731T": [
      "20D",
      "21G"
    ],
    "23854A": [
      "21K",
      "21L",
      "21M"
    ],
    "23948T": [
      "21K",
      "21L"
    ],
    "24130A": [
      "21K",
      "21M"
    ],
    "24130T": [
      "21J"
    ],
    "24138A": [
      "21G"
    ],
    "24187A": [
      "21E"
    ],
    "24208T": [
      "21J"
    ],
    "24224C": [
      "21D"
    ],
    "24349C": [
      "21C"
    ],
    "24410A": [
      "21J",
      "21I",
      "21A",
      "21H"
    ],
    "24424T": [
      "21K",
      "21L",
      "21M"
    ],
    "24469A": [
      "21K",
      "21L"
    ],
    "24503T": [
      "21K"
    ],
    "24506G": [
      "20I"
    ],
    "24642T": [
      "20J"
    ],
    "24748T": [
      "21D"
    ],
    "24775T": [
      "21B"
    ],
    "24836A": [
      "21E"
    ],
    "24863G": [
      "21B"
    ],
    "24863T": [
      "21E"
    ],
    "24914C": [
      "20I"
    ],
    "25000T": [
      "21K",
      "21L"
    ],
    "25088T": [
      "20J",
      "21E"
    ],
    "25339T": [
      "21J"
    ],
    "25469T": [
      "21J",
      "21I",
      "21A",
      "21B"
    ],
    "25517T": [
      "21F"
    ],
    "25563T": [
      "20C",
      "20G",
      "20A",
      "21C",
      "21F",
      "20H",
      "21H"
    ],
    "25584T": [
      "21K",
      "21L"
    ],
    "25614T": [
      "21J"
    ],
    "25904T": [
      "20H"
    ],
    "25907T": [
      "20G"
    ],
    "25968G": [
      "21F"
    ],
    "25979T": [
      "19B"
    ],
    "26060T": [
      "21L"
    ],
    "26107C": [
      "21J"
    ],
    "26144T": [
      "19A"
    ],
    "26149C": [
      "20J"
    ],
    "26270T": [
      "21K",
      "21L",
      "21M"
    ],
    "26305T": [
      "21D"
    ],
    "26456T": [
      "20H"
    ],
    "26492T": [
      "21H"
    ],
    "26530G": [
      "21K",
      "21M"
    ],
    "26577G": [
      "21K",
      "21L",
      "21M"
    ],
    "26681T": [
      "21C",
      "21B"
    ],
    "26709A": [
      "21K",
      "21L",
      "21M"
    ],
    "26767C": [
      "21J",
      "21I",
      "21A",
      "21D"
    ],
    "26767G": [
      "21B"
    ],
    "26801G": [
      "20E"
    ],
    "26858T": [
      "21L"
    ],
    "26894T": [
      "21G"
    ],
    "27259C": [
      "21K",
      "21L",
      "21M"
    ],
    "27291C": [
      "21J"
    ],
    "27299C": [
      "21B"
    ],
    "27382C": [
      "21L"
    ],
    "27383T": [
      "21L"
    ],
    "27384C": [
      "21L"
    ],
    "27507C": [
      "21J"
    ],
    "27527T": [
      "21J"
    ],
    "27638C": [
      "21J",
      "21I",
      "21A",
      "21B"
    ],
    "27739T": [
      "21A"
    ],
    "27752T": [
      "21J",
      "21I",
      "21A"
    ],
    "27807T": [
      "21K",
      "21L",
      "21M"
    ],
    "27874T": [
      "21J"
    ],
    "27890T": [
      "21C"
    ],
    "27897C": [
      "21E"
    ],
    "27925A": [
      "21H"
    ],
    "27925T": [
      "21F"
    ],
    "27944T": [
      "20E"
    ],
    "27964T": [
      "20G"
    ],
    "27972T": [
      "20I"
    ],
    "28005T": [
      "21H"
    ],
    "28048T": [
      "20I"
    ],
    "28073T": [
      "21J"
    ],
    "28093T": [
      "21H"
    ],
    "28095T": [
      "20I"
    ],
    "28111G": [
      "20I"
    ],
    "28144C": [
      "19B"
    ],
    "28167A": [
      "20J"
    ],
    "28253T": [
      "20H",
      "21G"
    ],
    "28271T": [
      "21K",
      "21G",
      "21L",
      "21M"
    ],
    "28272T": [
      "21C",
      "21H"
    ],
    "28280C": [
      "20I"
    ],
    "28281T": [
      "20I"
    ],
    "28282A": [
      "20I"
    ],
    "28299T": [
      "21J"
    ],
    "28308G": [
      "21D"
    ],
    "28311T": [
      "21K",
      "21F",
      "21G",
      "21L",
      "21M"
    ],
    "28461G": [
      "21J",
      "21I",
      "21A"
    ],
    "28472T": [
      "20G"
    ],
    "28512G": [
      "20J"
    ],
    "28657T": [
      "19B"
    ],
    "28699G": [
      "21D"
    ],
    "28863T": [
      "19B"
    ],
    "28869T": [
      "20G",
      "21F"
    ],
    "28877T": [
      "20J"
    ],
    "28878C": [
      "20J"
    ],
    "28879G": [
      "21F"
    ],
    "28881A": [
      "20I",
      "21K",
      "20B",
      "20J",
      "20F",
      "20D",
      "21G",
      "21L",
      "21E",
      "21M"
    ],
    "28881T": [
      "21J",
      "21I",
      "21A",
      "21B"
    ],
    "28882A": [
      "20I",
      "21K",
      "20B",
      "20J",
      "20F",
      "20D",
      "21G",
      "21L",
      "21E",
      "21M"
    ],
    "28883C": [
      "20I",
      "21K",
      "20B",
      "20J",
      "20F",
      "20D",
      "21G",
      "21L",
      "21E",
      "21M"
    ],
    "28887T": [
      "21C",
      "20H",
      "21H",
      "21D"
    ],
    "28913T": [
      "21G"
    ],
    "28916T": [
      "21J"
    ],
    "28932T": [
      "20E"
    ],
    "28975A": [
      "21F"
    ],
    "28977T": [
      "20I"
    ],
    "29050A": [
      "21J"
    ],
    "29311T": [
      "21G"
    ],
    "29362T": [
      "21C"
    ],
    "29402T": [
      "21J",
      "21I",
      "21A",
      "21B"
    ],
    "29509T": [
      "21J"
    ],
    "29510C": [
      "21L"
    ],
    "29543T": [
      "21D"
    ],
    "29645T": [
      "20E"
    ],
    "29700G": [
      "21J"
    ],
    "29724T": [
      "21E"
    ],
    "29742T": [
      "21J",
      "21I",
      "21A",
      "21B"
    ],
    "29834A": [
      "20J"
    ]
  },
  "nucMutLabelMapReverse": {
    "19A": [
      "11083T",
      "14805T",
      "26144T"
    ],
    "19B": [
      "8782T",
      "9477A",
      "14805T",
      "25979T",
      "28144C",
      "28657T",
      "28863T"
    ],
    "20A": [
      "241T",
      "3037T",
      "14408T",
      "23403G",
      "25563T"
    ],
    "20B": [
      "241T",
      "3037T",
      "14408T",
      "23403G",
      "28881A",
      "28882A",
      "28883C"
    ],
    "20C": [
      "241T",
      "1059T",
      "3037T",
      "14408T",
      "23403G",
      "25563T"
    ],
    "20D": [
      "241T",
      "3037T",
      "4002T",
      "10097A",
      "13536T",
      "14408T",
      "23403G",
      "23731T",
      "28881A",
      "28882A",
      "28883C"
    ],
    "20E": [
      "204T",
      "241T",
      "445C",
      "3037T",
      "6286T",
      "14408T",
      "21255C",
      "21614T",
      "22227T",
      "23403G",
      "26801G",
      "27944T",
      "28932T",
      "29645T"
    ],
    "20F": [
      "241T",
      "1163T",
      "3037T",
      "7540C",
      "14408T",
      "16647T",
      "18555T",
      "22992A",
      "23401A",
      "23403G",
      "28881A",
      "28882A",
      "28883C"
    ],
    "20G": [
      "241T",
      "1059T",
      "3037T",
      "8083A",
      "10319T",
      "14408T",
      "14805T",
      "18424G",
      "21304T",
      "23403G",
      "25563T",
      "25907T",
      "27964T",
      "28472T",
      "28869T"
    ],
    "20H": [
      "174T",
      "241T",
      "1059T",
      "2692T",
      "3037T",
      "5230T",
      "10323G",
      "14408T",
      "21614T",
      "21801C",
      "22206G",
      "22813T",
      "23012A",
      "23063T",
      "23403G",
      "23664T",
      "25563T",
      "25904T",
      "26456T",
      "28253T",
      "28887T"
    ],
    "20I": [
      "241T",
      "913T",
      "2110T",
      "3037T",
      "3267T",
      "5388A",
      "5986T",
      "6954C",
      "14120T",
      "14408T",
      "14676T",
      "15096C",
      "15279T",
      "16176C",
      "17615G",
      "23063T",
      "23271A",
      "23403G",
      "23604A",
      "23709T",
      "24506G",
      "24914C",
      "27972T",
      "28048T",
      "28095T",
      "28111G",
      "28280C",
      "28281T",
      "28282A",
      "28881A",
      "28882A",
      "28883C",
      "28977T"
    ],
    "20J": [
      "241T",
      "733C",
      "2749T",
      "3037T",
      "3828T",
      "5648C",
      "6319G",
      "6613G",
      "12778T",
      "13860T",
      "14408T",
      "17259T",
      "21614T",
      "21621A",
      "21638T",
      "21974T",
      "22132T",
      "22812C",
      "23012A",
      "23063T",
      "23403G",
      "23525T",
      "24642T",
      "25088T",
      "26149C",
      "28167A",
      "28512G",
      "28877T",
      "28878C",
      "28881A",
      "28882A",
      "28883C",
      "29834A"
    ],
    "21A": [
      "210T",
      "241T",
      "1191T",
      "1267T",
      "3037T",
      "5184T",
      "9891T",
      "11418C",
      "12946C",
      "14408T",
      "15451A",
      "16466T",
      "18176T",
      "20262G",
      "21618G",
      "21987A",
      "22917G",
      "22995A",
      "23403G",
      "23604G",
      "24410A",
      "25469T",
      "26767C",
      "27638C",
      "27739T",
      "27752T",
      "28461G",
      "28881T",
      "29402T",
      "29742T"
    ],
    "21B": [
      "210T",
      "241T",
      "3037T",
      "3457T",
      "4965T",
      "11201G",
      "14408T",
      "16852T",
      "17523T",
      "20396G",
      "20401G",
      "21846T",
      "21895C",
      "21987A",
      "22022A",
      "22917G",
      "23012C",
      "23403G",
      "23604G",
      "24775T",
      "24863G",
      "25469T",
      "26681T",
      "26767G",
      "27299C",
      "27638C",
      "28881T",
      "29402T",
      "29742T"
    ],
    "21C": [
      "241T",
      "1059T",
      "2395T",
      "2597C",
      "3037T",
      "8947T",
      "9738C",
      "12100T",
      "12878G",
      "13713A",
      "14408T",
      "16394T",
      "17014T",
      "21600T",
      "22018T",
      "22917G",
      "23403G",
      "24349C",
      "25563T",
      "26681T",
      "27890T",
      "28272T",
      "28887T",
      "29362T"
    ],
    "21D": [
      "241T",
      "1498T",
      "1807G",
      "2659A",
      "3037T",
      "6285T",
      "8593C",
      "9565T",
      "14407T",
      "14408T",
      "18171T",
      "20724G",
      "21717G",
      "21762T",
      "23012A",
      "23403G",
      "23593C",
      "24224C",
      "24748T",
      "26305T",
      "26767C",
      "28308G",
      "28699G",
      "28887T",
      "29543T"
    ],
    "21E": [
      "241T",
      "3037T",
      "4926G",
      "7564A",
      "8139T",
      "9203A",
      "9867C",
      "11308A",
      "12049T",
      "12053T",
      "14408T",
      "17074T",
      "17339T",
      "21588T",
      "23012A",
      "23063T",
      "23341C",
      "23403G",
      "23604A",
      "24187A",
      "24836A",
      "24863T",
      "25088T",
      "27897C",
      "28881A",
      "28882A",
      "28883C",
      "29724T"
    ],
    "21F": [
      "241T",
      "1059T",
      "3037T",
      "6101A",
      "7201G",
      "8809T",
      "9867C",
      "14408T",
      "16500C",
      "20262G",
      "21575T",
      "21846T",
      "22320G",
      "22992A",
      "23012A",
      "23403G",
      "23664T",
      "25517T",
      "25563T",
      "25968G",
      "27925T",
      "28311T",
      "28869T",
      "28879G",
      "28975A"
    ],
    "21G": [
      "241T",
      "3037T",
      "4002T",
      "7124T",
      "7424G",
      "9857T",
      "9867C",
      "10029T",
      "10097A",
      "13536T",
      "14408T",
      "21786T",
      "21789T",
      "22917A",
      "23031C",
      "23403G",
      "23731T",
      "24138A",
      "26894T",
      "28253T",
      "28271T",
      "28311T",
      "28881A",
      "28882A",
      "28883C",
      "28913T",
      "29311T"
    ],
    "21H": [
      "241T",
      "3037T",
      "3428G",
      "4878T",
      "6037T",
      "10029T",
      "11451G",
      "13057T",
      "14408T",
      "17491T",
      "18877T",
      "19035C",
      "20148T",
      "21846T",
      "21993C",
      "21995A",
      "22599A",
      "23012A",
      "23063T",
      "23403G",
      "23604A",
      "24410A",
      "25563T",
      "26492T",
      "27925A",
      "28005T",
      "28093T",
      "28272T",
      "28887T"
    ],
    "21I": [
      "210T",
      "241T",
      "3037T",
      "5184T",
      "5584G",
      "9891T",
      "11418C",
      "11514T",
      "13019T",
      "14408T",
      "15451A",
      "16466T",
      "21618G",
      "21987A",
      "22227T",
      "22917G",
      "22995A",
      "23403G",
      "23604G",
      "24410A",
      "25469T",
      "26767C",
      "27638C",
      "27752T",
      "28461G",
      "28881T",
      "29402T",
      "29742T"
    ],
    "21J": [
      "210T",
      "241T",
      "1048T",
      "3037T",
      "3948G",
      "4181T",
      "6040T",
      "6402T",
      "6638T",
      "7124T",
      "7851T",
      "7926T",
      "8986T",
      "9053T",
      "10029T",
      "11083T",
      "11201G",
      "11332G",
      "11456G",
      "11562T",
      "14014G",
      "14408T",
      "15240T",
      "15451A",
      "15521A",
      "15952A",
      "16466T",
      "16726T",
      "17040C",
      "17236G",
      "18744T",
      "19220T",
      "21618G",
      "21846T",
      "21987A",
      "21995C",
      "22227T",
      "22917G",
      "22995A",
      "23284C",
      "23403G",
      "23604G",
      "24130T",
      "24208T",
      "24410A",
      "25339T",
      "25469T",
      "25614T",
      "26107C",
      "26767C",
      "27291C",
      "27507C",
      "27527T",
      "27638C",
      "27752T",
      "27874T",
      "28073T",
      "28299T",
      "28461G",
      "28881T",
      "28916T",
      "29050A",
      "29402T",
      "29509T",
      "29700G",
      "29742T"
    ],
    "21K": [
      "241T",
      "2832G",
      "3037T",
      "5386G",
      "8393A",
      "10029T",
      "10449A",
      "11537G",
      "13195C",
      "14408T",
      "15240T",
      "18163G",
      "21762T",
      "21846T",
      "22578A",
      "22673C",
      "22674T",
      "22679C",
      "22686T",
      "22813T",
      "22882G",
      "22898A",
      "22992A",
      "22995A",
      "23013C",
      "23040G",
      "23048A",
      "23055G",
      "23063T",
      "23075C",
      "23202A",
      "23403G",
      "23525T",
      "23599G",
      "23604A",
      "23854A",
      "23948T",
      "24130A",
      "24424T",
      "24469A",
      "24503T",
      "25000T",
      "25584T",
      "26270T",
      "26530G",
      "26577G",
      "26709A",
      "27259C",
      "27807T",
      "28271T",
      "28311T",
      "28881A",
      "28882A",
      "28883C"
    ],
    "21L": [
      "241T",
      "670G",
      "2790T",
      "3037T",
      "4184A",
      "4321T",
      "9344T",
      "9424G",
      "9534T",
      "9866T",
      "10029T",
      "10198T",
      "10447A",
      "10449A",
      "12880T",
      "14408T",
      "15714T",
      "17410T",
      "18163G",
      "19955T",
      "20055G",
      "21618T",
      "21987A",
      "22200G",
      "22578A",
      "22674T",
      "22679C",
      "22686T",
      "22688G",
      "22775A",
      "22786C",
      "22792T",
      "22813T",
      "22882G",
      "22992A",
      "22995A",
      "23013C",
      "23040G",
      "23055G",
      "23063T",
      "23075C",
      "23403G",
      "23525T",
      "23599G",
      "23604A",
      "23854A",
      "23948T",
      "24424T",
      "24469A",
      "25000T",
      "25584T",
      "26060T",
      "26270T",
      "26577G",
      "26709A",
      "26858T",
      "27259C",
      "27382C",
      "27383T",
      "27384C",
      "27807T",
      "28271T",
      "28311T",
      "28881A",
      "28882A",
      "28883C",
      "29510C"
    ],
    "21M": [
      "241T",
      "3037T",
      "3241T",
      "5924A",
      "10029T",
      "10449A",
      "13195C",
      "14408T",
      "15240T",
      "21762T",
      "21846T",
      "22578A",
      "22673C",
      "22674T",
      "22679C",
      "22686T",
      "22813T",
      "22882G",
      "22898A",
      "22992A",
      "22995A",
      "23013C",
      "23040G",
      "23055G",
      "23063T",
      "23075C",
      "23202A",
      "23403G",
      "23525T",
      "23599G",
      "23604A",
      "23854A",
      "24130A",
      "24424T",
      "26270T",
      "26530G",
      "26577G",
      "26709A",
      "27259C",
      "27807T",
      "28271T",
      "28311T",
      "28881A",
      "28882A",
      "28883C"
    ]
  }
}